seq,send_timestamp_ns,recv_timestamp_ns,rtt_ns
0,1777463529808235983,1777463529822447757,14211774
1,1777463529832610634,1777463529841666441,9055807
2,1777463529851924986,1777463529902048904,50123918
3,1777463529912188096,1777463529922845249,10657153
4,1777463529933022255,1777463529974011120,40988865
5,1777463529984135751,1777463530011642099,27506348
6,1777463530021793810,1777463530059704710,37910900
7,1777463530069918508,1777463530079023724,9105216
8,1777463530089186918,1777463530128918940,39732022
9,1777463530139148047,1777463530147650308,8502261
10,1777463530157802513,1777463530178145881,20343368
11,1777463530188276117,1777463530213272931,24996814
12,1777463530223396286,1777463530264310300,40914014
13,1777463530274568029,1777463530291213005,16644976
14,1777463530301359698,1777463530313852137,12492439
15,1777463530324040057,1777463530333573388,9533331
16,1777463530343694187,1777463530353094156,9399969
17,1777463530363285910,1777463530368782735,5496825
18,1777463530378993568,1777463530415419237,36425669
19,1777463530425556190,1777463530430301955,4745765
20,1777463530440431309,1777463530449593642,9162333
21,1777463530459818700,1777463530469527148,9708448
22,1777463530479776169,1777463530500683448,20907279
23,1777463530510833170,1777463530521446106,10612936
24,1777463530531584822,1777463530543562404,11977582
25,1777463530553821530,1777463530567496198,13674668
26,1777463530577638485,1777463530640182784,62544299
27,1777463530650374660,1777463530661968653,11593993
28,1777463530672168675,1777463530699962214,27793539
29,1777463530710180525,1777463530793167435,82986910
30,1777463530803398006,1777463530807264542,3866536
31,1777463530817473926,1777463530878375815,60901889
32,1777463530888544972,1777463530898059801,9514829
33,1777463530908337475,1777463530915556233,7218758
34,1777463530925701129,1777463530928594084,2892955
35,1777463530938802886,1777463530947046735,8243849
36,1777463530957183055,1777463530967744273,10561218
37,1777463530977955383,1777463530982953164,4997781
38,1777463530993184678,1777463531003892479,10707801
39,1777463531014121912,1777463531028388740,14266828
40,1777463531038615661,1777463531044460041,5844380
41,1777463531054683662,1777463531069268216,14584554
42,1777463531079516509,1777463531086393314,6876805
43,1777463531096618888,1777463531102881226,6262338
44,1777463531113031644,1777463531123500523,10468879
45,1777463531133711321,1777463531142958236,9246915
46,1777463531153241726,1777463531163340696,10098970
47,1777463531173521172,1777463531176008694,2487522
48,1777463531186261001,1777463531208515113,22254112
49,1777463531218801055,1777463531236283915,17482860
50,1777463531246507745,1777463531250684356,4176611
51,1777463531260822784,1777463531268384501,7561717
52,1777463531278523072,1777463531288751872,10228800
53,1777463531298980293,1777463531325116384,26136091
54,1777463531335268488,1777463531339871628,4603140
55,1777463531350057112,1777463531356590484,6533372
56,1777463531366826015,1777463531369815987,2989972
57,1777463531380036689,1777463531392929968,12893279
58,1777463531403049312,1777463531417627874,14578562
59,1777463531427850579,1777463531443814160,15963581
60,1777463531454143630,1777463531459674205,5530575
61,1777463531469896926,1777463531479207806,9310880
62,1777463531489362549,1777463531494881999,5519450
63,1777463531505091770,1777463531515745077,10653307
64,1777463531525878703,1777463531540337849,14459146
65,1777463531550575712,1777463531561392919,10817207
66,1777463531571620656,1777463531575537686,3917030
67,1777463531585866373,1777463531632271868,46405495
68,1777463531642486039,1777463531649254549,6768510
69,1777463531659468657,1777463531663148074,3679417
70,1777463531673282551,1777463531677473340,4190789
71,1777463531687705977,1777463531715269668,27563691
72,1777463531725499504,1777463531728487326,2987822
73,1777463531738630496,1777463531748310508,9680012
74,1777463531758565301,1777463531765974584,7409283
75,1777463531776187144,1777463531786572396,10385252
76,1777463531796701873,1777463531803213925,6512052
77,1777463531813418288,1777463531826058335,12640047
78,1777463531836309010,1777463531847825984,11516974
79,1777463531857990357,1777463531865437960,7447603
80,1777463531875693706,1777463531890895439,15201733
81,1777463531901029423,1777463531906224335,5194912
82,1777463531916401622,1777463531966888340,50486718
83,1777463531977144373,1777463531985273887,8129514
84,1777463531995411684,1777463532023198946,27787262
85,1777463532033439293,1777463532038202129,4762836
86,1777463532048381877,1777463532055062314,6680437
87,1777463532065296750,1777463532073961316,8664566
88,1777463532084093053,1777463532094340539,10247486
89,1777463532104534613,1777463532109447660,4913047
90,1777463532119672014,1777463532126222657,6550643
91,1777463532136339558,1777463532139234831,2895273
92,1777463532149417171,1777463532156517112,7099941
93,1777463532166648135,1777463532175131218,8483083
94,1777463532185269354,1777463532189233158,3963804
95,1777463532199440815,1777463532239116815,39676000
96,1777463532249260029,1777463532258683748,9423719
97,1777463532268814501,1777463532275317275,6502774
98,1777463532285478470,1777463532298193308,12714838
99,1777463532308373779,1777463532339093762,30719983
100,1777463532349266743,1777463532370108836,20842093
101,1777463532380340097,1777463532383177611,2837514
102,1777463532393351411,1777463532402870427,9519016
103,1777463532413092419,1777463532418002889,4910470
104,1777463532428111099,1777463532454505455,26394356
105,1777463532464724403,1777463532478480289,13755886
106,1777463532488711721,1777463532504388572,15676851
107,1777463532514608850,1777463532520057674,5448824
108,1777463532530240750,1777463532550255983,20015233
109,1777463532560500298,1777463532565517937,5017639
110,1777463532575670452,1777463532580128687,4458235
111,1777463532590250421,1777463532597581482,7331061
112,1777463532607813274,1777463532615284604,7471330
113,1777463532625421198,1777463532644007409,18586211
114,1777463532654272396,1777463532666764765,12492369
115,1777463532677049050,1777463532690441541,13392491
116,1777463532700663023,1777463532707378833,6715810
117,1777463532717548200,1777463532724209182,6660982
118,1777463532734423240,1777463532741862404,7439164
119,1777463532752161309,1777463532758550355,6389046
120,1777463532768782478,1777463532775471888,6689410
121,1777463532785623816,1777463532793053845,7430029
122,1777463532803193343,1777463532813775475,10582132
123,1777463532823993852,1777463532853307232,29313380
124,1777463532863538936,1777463532886699558,23160622
125,1777463532896871352,1777463532905445940,8574588
126,1777463532915562991,1777463532926287069,10724078
127,1777463532936426491,1777463532946785596,10359105
128,1777463532957003710,1777463532962983905,5980195
129,1777463532973209807,1777463532983219432,10009625
130,1777463532993404933,1777463532996980554,3575621
131,1777463533007201886,1777463533014488432,7286546
132,1777463533024633497,1777463533048929092,24295595
133,1777463533059110761,1777463533065766836,6656075
134,1777463533075895087,1777463533092273210,16378123
135,1777463533102488414,1777463533111345018,8856604
136,1777463533121570569,1777463533159235562,37664993
137,1777463533169428697,1777463533179795476,10366779
138,1777463533189939621,1777463533195642845,5703224
139,1777463533205809182,1777463533222439083,16629901
140,1777463533232574244,1777463533235374793,2800549
141,1777463533245514864,1777463533253023776,7508912
142,1777463533263196987,1777463533266901194,3704207
143,1777463533277039385,1777463533285479095,8439710
144,1777463533295643133,1777463533304398453,8755320
145,1777463533314588886,1777463533318748821,4159935
146,1777463533328975348,1777463533355533378,26558030
147,1777463533365750580,1777463533368809684,3059104
148,1777463533379095150,1777463533385433805,6338655
149,1777463533395614729,1777463533438897054,43282325
150,1777463533449024007,1777463533460894233,11870226
151,1777463533471135890,1777463533488668148,17532258
152,1777463533498887971,1777463533506211323,7323352
153,1777463533516341538,1777463533523061033,6719495
154,1777463533533217159,1777463533589046013,55828854
155,1777463533599237287,1777463533605551671,6314384
156,1777463533615671322,1777463533632349256,16677934
157,1777463533642472736,1777463533699866355,57393619
158,1777463533710127605,1777463533717365741,7238136
159,1777463533727590308,1777463533733816721,6226413
160,1777463533743955522,1777463533760323810,16368288
161,1777463533770586263,1777463533775663007,5076744
162,1777463533786020014,1777463533813333161,27313147
163,1777463533823496222,1777463533828352567,4856345
164,1777463533838600209,1777463533912414349,73814140
165,1777463533922690010,1777463533939884814,17194804
166,1777463533950034122,1777463533965237291,15203169
167,1777463533975360894,1777463533982219356,6858462
168,1777463533992343137,1777463534000108058,7764921
169,1777463534010234380,1777463534015865508,5631128
170,1777463534026260091,1777463534032427283,6167192
171,1777463534042587047,1777463534084368790,41781743
172,1777463534094503901,1777463534108832650,14328749
173,1777463534119130708,1777463534133994063,14863355
174,1777463534144213268,1777463534173537983,29324715
175,1777463534183755554,1777463534202236707,18481153
176,1777463534212459942,1777463534214923759,2463817
177,1777463534225059625,1777463534235692763,10633138
178,1777463534245903535,1777463534253490096,7586561
179,1777463534263627111,1777463534297629559,34002448
180,1777463534307778172,1777463534337766980,29988808
181,1777463534347919745,1777463534360621569,12701824
182,1777463534370792726,1777463534380102032,9309306
183,1777463534390216902,1777463534397186548,6969646
184,1777463534407296307,1777463534433876024,26579717
185,1777463534444017127,1777463534448012936,3995809
186,1777463534458161336,1777463534465466060,7304724
187,1777463534475682587,1777463534479537240,3854653
188,1777463534489688290,1777463534494015415,4327125
189,1777463534504284349,1777463534510866537,6582188
190,1777463534521206378,1777463534583326904,62120526
191,1777463534593461476,1777463534596553367,3091891
192,1777463534606770705,1777463534613969196,7198491
193,1777463534624093116,1777463534687278619,63185503
194,1777463534697399580,1777463534717185546,19785966
195,1777463534727299088,1777463534738569190,11270102
196,1777463534748824813,1777463534756239565,7414752
197,1777463534766378167,1777463534771338583,4960416
198,1777463534781568261,1777463534827715427,46147166
199,1777463534837933435,1777463534843671656,5738221
200,1777463534853982502,1777463534859378603,5396101
201,1777463534869604454,1777463534874185432,4580978
202,1777463534884398633,1777463534891222824,6824191
203,1777463534901424594,1777463534922995945,21571351
204,1777463534933384457,1777463534936098237,2713780
205,1777463534946345513,1777463534962807751,16462238
206,1777463534973062799,1777463534992124798,19061999
207,1777463535002309127,1777463535005767518,3458391
208,1777463535015998977,1777463535022146039,6147062
209,1777463535032386233,1777463535128735002,96348769
210,1777463535138953150,1777463535144194166,5241016
211,1777463535154475620,1777463535351103989,196628369
212,1777463535361308961,1777463535400302181,38993220
213,1777463535410432466,1777463535439318181,28885715
214,1777463535449457918,1777463535543897118,94439200
215,1777463535554254087,1777463535567896542,13642455
216,1777463535578024918,1777463535618648834,40623916
217,1777463535628784281,1777463535637536394,8752113
218,1777463535647675651,1777463535656100904,8425253
219,1777463535666237273,1777463535690876388,24639115
220,1777463535700999396,1777463535774343014,73343618
221,1777463535784469974,1777463535945734727,161264753
222,1777463535956016283,1777463535963807149,7790866
223,1777463535974096330,1777463535978588007,4491677
224,1777463535988816378,1777463536157143464,168327086
225,1777463536167347994,1777463536180733881,13385887
226,1777463536190946805,1777463536198549866,7603061
227,1777463536208686482,1777463536368622741,159936259
228,1777463536378864677,1777463536403394046,24529369
229,1777463536413525322,1777463536475363587,61838265
230,1777463536485514972,1777463536490923526,5408554
231,1777463536501042899,1777463536575511485,74468586
232,1777463536585755664,1777463536628258287,42502623
233,1777463536638484151,1777463536650636858,12152707
234,1777463536660772957,1777463536670934791,10161834
235,1777463536681164493,1777463536691465076,10300583
236,1777463536701623715,1777463536817007800,115384085
237,1777463536827178848,1777463536836399483,9220635
238,1777463536846533561,1777463537108576689,262043128
239,1777463537118902521,1777463537281505014,162602493
240,1777463537291673377,1777463537308629491,16956114
241,1777463537318903688,1777463537383024633,64120945
242,1777463537393227999,1777463537420877114,27649115
243,1777463537431157144,1777463537461967924,30810780
244,1777463537472228560,1777463537487489388,15260828
245,1777463537497701670,1777463537505617083,7915413
246,1777463537515900937,1777463537537170836,21269899
247,1777463537547410564,1777463537573500928,26090364
248,1777463537583676390,1777463537613635717,29959327
249,1777463537623853251,1777463537638974359,15121108
250,1777463537649111787,1777463537690745854,41634067
251,1777463537700881536,1777463537723303773,22422237
252,1777463537733430600,1777463537743719168,10288568
253,1777463537753863041,1777463537758566488,4703447
254,1777463537768712296,1777463537787774245,19061949
255,1777463537797889559,1777463537872204362,74314803
256,1777463537882332906,1777463537891470050,9137144
257,1777463537901636957,1777463537965904702,64267745
258,1777463537976034882,1777463537997872850,21837968
259,1777463538008103484,1777463538101322719,93219235
260,1777463538111461701,1777463538124845652,13383951
261,1777463538135058106,1777463538150327793,15269687
262,1777463538160462257,1777463538174031261,13569004
263,1777463538184287073,1777463538208107765,23820692
264,1777463538218348653,1777463538239184679,20836026
265,1777463538249317785,1777463538264492092,15174307
266,1777463538274641797,1777463538278466585,3824788
267,1777463538288602922,1777463538306435156,17832234
268,1777463538316692770,1777463538356534228,39841458
269,1777463538366684633,1777463538372335425,5650792
270,1777463538382481496,1777463538389824507,7343011
271,1777463538399981281,1777463538402843492,2862211
272,1777463538412986509,1777463538434791680,21805171
273,1777463538444932220,1777463538472876236,27944016
274,1777463538483049761,1777463538520436324,37386563
275,1777463538530648720,1777463538545510310,14861590
276,1777463538555779643,1777463538575056324,19276681
277,1777463538585305593,1777463538589272659,3967066
278,1777463538599500034,1777463538620560490,21060456
279,1777463538630704858,1777463538647119050,16414192
280,1777463538657244018,1777463538670388956,13144938
281,1777463538680602121,1777463538687474870,6872749
282,1777463538697622968,1777463538713440025,15817057
283,1777463538723609244,1777463538728032720,4423476
284,1777463538738376805,1777463538741568802,3191997
285,1777463538751761015,1777463538766915722,15154707
286,1777463538777182976,1777463538782777846,5594870
287,1777463538792928941,1777463538801871983,8943042
288,1777463538812088600,1777463538819610876,7522276
289,1777463538829829963,1777463538841301334,11471371
290,1777463538851447255,1777463538869110429,17663174
291,1777463538879226682,1777463538905317188,26090506
292,1777463538915437917,1777463538921732198,6294281
293,1777463538931924890,1777463538943493679,11568789
294,1777463538953651851,1777463538956208266,2556415
295,1777463538966325911,1777463538971353183,5027272
296,1777463538981479081,1777463538992942322,11463241
297,1777463539003160123,1777463539015603080,12442957
298,1777463539025773621,1777463539038006293,12232672
299,1777463539048098393,1777463539057345459,9247066
300,1777463539067491923,1777463539073583077,6091154
301,1777463539083709614,1777463539099849389,16139775
302,1777463539110127666,1777463539124445964,14318298
303,1777463539134671567,1777463539148632613,13961046
304,1777463539158774781,1777463539161756875,2982094
305,1777463539171988296,1777463539175836028,3847732
306,1777463539186112312,1777463539191368221,5255909
307,1777463539201604123,1777463539263607059,62002936
308,1777463539273730552,1777463539277961565,4231013
309,1777463539288138456,1777463539331112970,42974514
310,1777463539341235746,1777463539364823675,23587929
311,1777463539374960196,1777463539392419361,17459165
312,1777463539402569321,1777463539407218588,4649267
313,1777463539417473197,1777463539431823026,14349829
314,1777463539442056113,1777463539455620517,13564404
315,1777463539465786531,1777463539499304273,33517742
316,1777463539509543447,1777463539515717463,6174016
317,1777463539525867396,1777463539532671950,6804554
318,1777463539542813492,1777463539553325492,10512000
319,1777463539563460873,1777463539569353051,5892178
320,1777463539579470484,1777463539585340489,5870005
321,1777463539595508390,1777463539610148576,14640186
322,1777463539620341130,1777463539645371213,25030083
323,1777463539655621055,1777463539701544182,45923127
324,1777463539711803450,1777463539715581959,3778509
325,1777463539725755947,1777463539734274289,8518342
326,1777463539744517023,1777463539754920003,10402980
327,1777463539765172906,1777463539774543821,9370915
328,1777463539784678337,1777463539810214359,25536022
329,1777463539820350644,1777463539834738059,14387415
330,1777463539844854515,1777463539853941173,9086658
331,1777463539864098703,1777463539868129902,4031199
332,1777463539878234844,1777463539890110997,11876153
333,1777463539900239697,1777463539914961736,14722039
334,1777463539925097571,1777463539939084722,13987151
335,1777463539949282787,1777463539958901701,9618914
336,1777463539969206952,1777463539978464344,9257392
337,1777463539988710420,1777463539994763624,6053204
338,1777463540004988105,1777463540050652956,45664851
339,1777463540060841521,1777463540070096533,9255012
340,1777463540080223803,1777463540083981481,3757678
341,1777463540094185336,1777463540109475521,15290185
342,1777463540119749840,1777463540125108195,5358355
343,1777463540135348098,1777463540146978414,11630316
344,1777463540157160453,1777463540173227212,16066759
345,1777463540183372350,1777463540196508296,13135946
346,1777463540206634535,1777463540215930963,9296428
347,1777463540226086909,1777463540228868021,2781112
348,1777463540239115385,1777463540245802026,6686641
349,1777463540255921747,1777463540288629839,32708092
350,1777463540298770854,1777463540324577104,25806250
351,1777463540334993885,1777463540389223272,54229387
352,1777463540399445693,1777463540404163444,4717751
353,1777463540414368587,1777463540447581671,33213084
354,1777463540457704956,1777463540460252657,2547701
355,1777463540470497646,1777463540474953507,4455861
356,1777463540485228452,1777463540489340761,4112309
357,1777463540499551971,1777463540506915510,7363539
358,1777463540517253538,1777463540533700484,16446946
359,1777463540543923204,1777463540559491623,15568419
360,1777463540569772757,1777463540585435950,15663193
361,1777463540595586033,1777463540609342950,13756917
362,1777463540619579833,1777463540654829747,35249914
363,1777463540665090093,1777463540689583009,24492916
364,1777463540699723445,1777463540724961211,25237766
365,1777463540735231366,1777463540739822971,4591605
366,1777463540750145378,1777463540759995772,9850394
367,1777463540770231438,1777463540786633930,16402492
368,1777463540796853597,1777463540801155789,4302192
369,1777463540811332596,1777463540825235017,13902421
370,1777463540835425107,1777463540838859543,3434436
371,1777463540849106305,1777463540857171541,8065236
372,1777463540867322187,1777463540874611507,7289320
373,1777463540884743355,1777463540898321671,13578316
374,1777463540908461708,1777463540918241050,9779342
375,1777463540928363347,1777463540963902488,35539141
376,1777463540974164645,1777463540991827131,17662486
377,1777463541001965920,1777463541006317623,4351703
378,1777463541016462166,1777463541034843996,18381830
379,1777463541045088826,1777463541051428899,6340073
380,1777463541061688038,1777463541069224400,7536362
381,1777463541079345506,1777463541094128197,14782691
382,1777463541104364851,1777463541117450281,13085430
383,1777463541127614038,1777463541139700896,12086858
384,1777463541150018741,1777463541165153571,15134830
385,1777463541175376304,1777463541186125856,10749552
386,1777463541196251344,1777463541206635041,10383697
387,1777463541216800283,1777463541224157946,7357663
388,1777463541234286182,1777463541248498865,14212683
389,1777463541258627896,1777463541272981949,14354053
390,1777463541283235961,1777463541307368411,24132450
391,1777463541317610465,1777463541324508301,6897836
392,1777463541334726022,1777463541348439033,13713011
393,1777463541358592743,1777463541377711097,19118354
394,1777463541388017670,1777463541401012691,12995021
395,1777463541411191012,1777463541434204099,23013087
396,1777463541444317053,1777463541486830566,42513513
397,1777463541497042122,1777463541512625830,15583708
398,1777463541522757010,1777463541528999502,6242492
399,1777463541539227532,1777463541579119130,39891598
400,1777463541589241869,1777463541592753466,3511597
401,1777463541602883838,1777463541609056242,6172404
402,1777463541619338635,1777463541638949602,19610967
403,1777463541649249583,1777463541710459440,61209857
404,1777463541720718247,1777463541733849211,13130964
405,1777463541744118039,1777463541751407780,7289741
406,1777463541761647355,1777463541778951472,17304117
407,1777463541789101743,1777463541795924606,6822863
408,1777463541806083761,1777463541837477486,31393725
409,1777463541847640631,1777463541856411016,8770385
410,1777463541866586506,1777463541893821699,27235193
411,1777463541904052986,1777463541913682028,9629042
412,1777463541923823256,1777463541932140080,8316824
413,1777463541942267680,1777463541964740786,22473106
414,1777463541974870319,1777463541990913084,16042765
415,1777463542001142478,1777463542007618112,6475634
416,1777463542017880875,1777463542026373937,8493062
417,1777463542036519102,1777463542078358348,41839246
418,1777463542088475001,1777463542093318664,4843663
419,1777463542103530787,1777463542113317096,9786309
420,1777463542123458013,1777463542157572683,34114670
421,1777463542167749631,1777463542171685396,3935765
422,1777463542181839812,1777463542196500594,14660782
423,1777463542206654332,1777463542266910000,60255668
424,1777463542277185179,1777463542306085010,28899831
425,1777463542316342389,1777463542324036589,7694200
426,1777463542334216326,1777463542348990316,14773990
427,1777463542359117474,1777463542365162702,6045228
428,1777463542391267392,1777463542519254731,127987339
429,1777463542529492523,1777463542536238986,6746463
430,1777463542546363742,1777463542613595712,67231970
431,1777463542623765504,1777463542633517084,9751580
432,1777463542643686613,1777463542803695249,160008636
433,1777463542813835016,1777463542818743130,4908114
434,1777463542828899778,1777463542845388810,16489032
435,1777463542855506763,1777463542862383597,6876834
436,1777463542872537323,1777463542884214499,11677176
437,1777463542894382173,1777463542904840490,10458317
438,1777463542914988266,1777463542919727896,4739630
439,1777463542929934747,1777463542946160647,16225900
440,1777463542956282377,1777463542962236430,5954053
441,1777463542972457917,1777463542988931683,16473766
442,1777463542999080018,1777463543015165709,16085691
443,1777463543025299412,1777463543215394793,190095381
444,1777463543225576613,1777463543229659749,4083136
445,1777463543239881587,1777463543253093253,13211666
446,1777463543263287179,1777463543276115834,12828655
447,1777463543286265068,1777463543296954938,10689870
448,1777463543307225252,1777463543318858402,11633150
449,1777463543329079288,1777463543331582828,2503540
450,1777463543341829276,1777463543359040211,17210935
451,1777463543369326814,1777463543398793371,29466557
452,1777463543408922963,1777463543426008976,17086013
453,1777463543436099500,1777463543450484095,14384595
454,1777463543460610380,1777463543471826687,11216307
455,1777463543482045037,1777463543503304370,21259333
456,1777463543513425751,1777463543526686683,13260932
457,1777463543536900001,1777463543546237328,9337327
458,1777463543556462918,1777463543561980198,5517280
459,1777463543572190975,1777463543614275925,42084950
460,1777463543624393607,1777463543627915542,3521935
461,1777463543638140183,1777463543643354999,5214816
462,1777463543653507638,1777463543666807305,13299667
463,1777463543677025979,1777463543682708025,5682046
464,1777463543692919870,1777463543717541383,24621513
465,1777463543727756115,1777463543739361066,11604951
466,1777463543749491374,1777463543807998881,58507507
467,1777463543818200345,1777463543827195349,8995004
468,1777463543837443458,1777463543847113171,9669713
469,1777463543857298422,1777463543861828778,4530356
470,1777463543872060060,1777463543883640174,11580114
471,1777463543893778679,1777463543900601210,6822531
472,1777463543910727696,1777463543919031241,8303545
473,1777463543929176952,1777463543936349275,7172323
474,1777463543946509565,1777463543956344898,9835333
475,1777463543966471779,1777463543972410540,5938761
476,1777463543982643680,1777463543985240541,2596861
477,1777463543995386731,1777463544015997734,20611003
478,1777463544026092493,1777463544043490338,17397845
479,1777463544053746904,1777463544065343432,11596528
480,1777463544075490341,1777463544089602332,14111991
481,1777463544099804639,1777463544113234977,13430338
482,1777463544123390205,1777463544130610795,7220590
483,1777463544140771881,1777463544144461388,3689507
484,1777463544154684779,1777463544176372490,21687711
485,1777463544186527914,1777463544190506050,3978136
486,1777463544200768802,1777463544228109034,27340232
487,1777463544238348954,1777463544259708108,21359154
488,1777463544269941370,1777463544278952099,9010729
489,1777463544289238590,1777463544294387412,5148822
490,1777463544304547176,1777463544313806718,9259542
491,1777463544324002938,1777463544373257453,49254515
492,1777463544383514500,1777463544394124150,10609650
493,1777463544404255967,1777463544432506591,28250624
494,1777463544442667800,1777463544481880827,39213027
495,1777463544492049811,1777463544547516082,55466271
496,1777463544557753170,1777463544564186946,6433776
497,1777463544574312448,1777463544583936412,9623964
498,1777463544594150360,1777463544601289344,7138984
499,1777463544611523247,1777463544751129309,139606062
500,1777463544761363869,1777463544768863320,7499451
501,1777463544779005272,1777463544783257057,4251785
502,1777463544793377313,1777463544808161171,14783858
503,1777463544818429456,1777463544825601320,7171864
504,1777463544835759338,1777463544954110070,118350732
505,1777463544964370973,1777463544974116398,9745425
506,1777463544984359337,1777463545038431448,54072111
507,1777463545048805079,1777463545060721513,11916434
508,1777463545070932465,1777463545139249620,68317155
509,1777463545149498491,1777463545157117129,7618638
510,1777463545167257971,1777463545212510655,45252684
511,1777463545222674368,1777463545239995766,17321398
512,1777463545250242198,1777463545263552343,13310145
513,1777463545273721084,1777463545291489661,17768577
514,1777463545301650992,1777463545304351958,2700966
515,1777463545314604832,1777463545331668835,17064003
516,1777463545341839351,1777463545345004858,3165507
517,1777463545355264989,1777463545364847668,9582679
518,1777463545375001737,1777463545404600380,29598643
519,1777463545414716857,1777463545418543610,3826753
520,1777463545428684061,1777463545437425710,8741649
521,1777463545447561370,1777463545453833623,6272253
522,1777463545463958756,1777463545469532254,5573498
523,1777463545479767172,1777463545486418578,6651406
524,1777463545496582047,1777463545506394501,9812454
525,1777463545516526611,1777463545521559839,5033228
526,1777463545531705230,1777463545538677640,6972410
527,1777463545548945113,1777463545553028410,4083297
528,1777463545563217572,1777463545569215057,5997485
529,1777463545579345430,1777463545587392711,8047281
530,1777463545597504170,1777463545672349166,74844996
531,1777463545682587720,1777463545692874065,10286345
532,1777463545703192086,1777463545748956856,45764770
533,1777463545759178935,1777463545772664276,13485341
534,1777463545782939428,1777463545789409728,6470300
535,1777463545799684072,1777463545826284378,26600306
536,1777463545836432930,1777463545845085045,8652115
537,1777463545855438917,1777463545875866572,20427655
538,1777463545886225701,1777463545901032554,14806853
539,1777463545911173075,1777463545915577152,4404077
540,1777463545925797330,1777463545932636645,6839315
541,1777463545942776110,1777463545955181542,12405432
542,1777463545965305848,1777463545984332633,19026785
543,1777463545994456459,1777463546035971040,41514581
544,1777463546046294459,1777463546061605987,15311528
545,1777463546071836451,1777463546091647828,19811377
546,1777463546101804835,1777463546116544133,14739298
547,1777463546126726364,1777463546138130915,11404551
548,1777463546148282389,1777463546154405072,6122683
549,1777463546164640702,1777463546170710294,6069592
550,1777463546180990347,1777463546184760264,3769917
551,1777463546194935028,1777463546201860829,6925801
552,1777463546212097462,1777463546219758303,7660841
553,1777463546229921622,1777463546239808704,9887082
554,1777463546250109739,1777463546265817362,15707623
555,1777463546276017327,1777463546288777393,12760066
556,1777463546298957026,1777463546302608832,3651806
557,1777463546312879348,1777463546326327843,13448495
558,1777463546336456266,1777463546340191191,3734925
559,1777463546350482209,1777463546358177395,7695186
560,1777463546368311919,1777463546375459589,7147670
561,1777463546385782375,1777463546392393922,6611547
562,1777463546402561247,1777463546409218665,6657418
563,1777463546419359767,1777463546426347355,6987588
564,1777463546436506300,1777463546442745388,6239088
565,1777463546453099482,1777463546479916742,26817260
566,1777463546490058222,1777463546495171140,5112918
567,1777463546505306058,1777463546512132459,6826401
568,1777463546522277106,1777463546531333542,9056436
569,1777463546541576103,1777463546563597785,22021682
570,1777463546573841704,1777463546580275580,6433876
571,1777463546590468934,1777463546600268840,9799906
572,1777463546610510739,1777463546615098216,4587477
573,1777463546625257132,1777463546634785446,9528314
574,1777463546644938251,1777463546649283647,4345396
575,1777463546659419530,1777463546697355393,37935863
576,1777463546707604804,1777463546710995781,3390977
577,1777463546721240844,1777463546735749710,14508866
578,1777463546745964561,1777463546751304099,5339538
579,1777463546761484993,1777463546768253652,6768659
580,1777463546778383409,1777463546781274445,2891036
581,1777463546791397859,1777463546804050669,12652810
582,1777463546814383688,1777463546836078960,21695272
583,1777463546846384606,1777463546853298516,6913910
584,1777463546863582838,1777463546931787755,68204917
585,1777463546942028399,1777463546954369861,12341462
586,1777463546964550303,1777463546981819183,17268880
587,1777463546991934412,1777463546997402174,5467762
588,1777463547007528416,1777463547012735103,5206687
589,1777463547022892522,1777463547213747333,190854811
590,1777463547223875255,1777463547236578971,12703716
591,1777463547246852334,1777463547263116803,16264469
592,1777463547273246882,1777463547287606817,14359935
593,1777463547297784158,1777463547308429837,10645679
594,1777463547318773257,1777463547366625603,47852346
595,1777463547376768833,1777463547391875100,15106267
596,1777463547402145414,1777463547412224709,10079295
597,1777463547422405524,1777463547437248344,14842820
598,1777463547447551795,1777463547454251430,6699635
599,1777463547464448670,1777463547468839698,4391028
600,1777463547479005951,1777463547484145652,5139701
601,1777463547494271428,1777463547505005165,10733737
602,1777463547515184429,1777463547521213907,6029478
603,1777463547531438769,1777463547556166838,24728069
604,1777463547566325572,1777463547573874992,7549420
605,1777463547584157874,1777463547593129624,8971750
606,1777463547603282947,1777463547688765903,85482956
607,1777463547699039814,1777463547718204538,19164724
608,1777463547728413221,1777463547740617198,12203977
609,1777463547750753416,1777463547761563954,10810538
610,1777463547771743761,1777463547801234453,29490692
611,1777463547811356946,1777463547820128384,8771438
612,1777463547830412362,1777463547844818118,14405756
613,1777463547855086551,1777463547863135725,8049174
614,1777463547873306061,1777463547877146471,3840410
615,1777463547887371804,1777463547893820415,6448611
616,1777463547904052508,1777463547911033050,6980542
617,1777463547921206001,1777463547934635212,13429211
618,1777463547944877483,1777463547963989738,19112255
619,1777463547974108641,1777463547978773026,4664385
620,1777463547989024746,1777463547994400969,5376223
621,1777463548004549266,1777463548056034737,51485471
622,1777463548066288701,1777463548078511701,12223000
623,1777463548088632299,1777463548099567369,10935070
624,1777463548109722041,1777463548115897318,6175277
625,1777463548126095716,1777463548134718255,8622539
626,1777463548144942599,1777463548149861627,4919028
627,1777463548160099229,1777463548171120507,11021278
628,1777463548181373518,1777463548196059506,14685988
629,1777463548206216622,1777463548213664791,7448169
630,1777463548223804182,1777463548234954359,11150177
631,1777463548245103059,1777463548255939423,10836364
632,1777463548266145103,1777463548272227486,6082383
633,1777463548282364938,1777463548332761168,50396230
634,1777463548342947980,1777463548351982517,9034537
635,1777463548362097286,1777463548366039675,3942389
636,1777463548376229549,1777463548442901398,66671849
637,1777463548453283190,1777463548505916220,52633030
638,1777463548516063764,1777463548520023934,3960170
639,1777463548530193959,1777463548540036750,9842791
640,1777463548550217740,1777463548559548483,9330743
641,1777463548569770758,1777463548581027654,11256896
642,1777463548591282500,1777463548595176712,3894212
643,1777463548605315444,1777463548609878317,4562873
644,1777463548620121609,1777463548631778991,11657382
645,1777463548642017336,1777463548646035207,4017871
646,1777463548656154425,1777463548662661824,6507399
647,1777463548672785090,1777463548719860650,47075560
648,1777463548730000211,1777463548741186528,11186317
649,1777463548751526307,1777463548762575938,11049631
650,1777463548772729586,1777463548783780512,11050926
651,1777463548793901883,1777463548799054862,5152979
652,1777463548809191830,1777463548816242030,7050200
653,1777463548826385111,1777463548835956682,9571571
654,1777463548846250614,1777463548870498628,24248014
655,1777463548880644849,1777463548897498974,16854125
656,1777463548907620984,1777463548945761235,38140251
657,1777463548955891129,1777463548967768099,11876970
658,1777463548977906387,1777463548986710426,8804039
659,1777463548996873157,1777463549023210603,26337446
660,1777463549033338913,1777463549049141787,15802874
661,1777463549059286838,1777463549069362661,10075823
662,1777463549079622862,1777463549083115952,3493090
663,1777463549093348757,1777463549135920341,42571584
664,1777463549146154728,1777463549153742949,7588221
665,1777463549163902417,1777463549171978195,8075778
666,1777463549182104123,1777463549194045625,11941502
667,1777463549204265272,1777463549210155009,5889737
668,1777463549220386944,1777463549231545996,11159052
669,1777463549241832364,1777463549256373176,14540812
670,1777463549266592523,1777463549270457719,3865196
671,1777463549280625130,1777463549288270820,7645690
672,1777463549298419420,1777463549310109705,11690285
673,1777463549320279917,1777463549330403784,10123867
674,1777463549340522013,1777463549356083094,15561081
675,1777463549366304802,1777463549371242868,4938066
676,1777463549381394638,1777463549389870157,8475519
677,1777463549400105302,1777463549426470191,26364889
678,1777463549436638263,1777463549439860726,3222463
679,1777463549450100676,1777463549459053512,8952836
680,1777463549469295697,1777463549541646880,72351183
681,1777463549551921111,1777463549562401399,10480288
682,1777463549572627503,1777463549583981519,11354016
683,1777463549594206497,1777463549601290768,7084271
684,1777463549611430631,1777463549634483168,23052537
685,1777463549644758618,1777463549652356594,7597976
686,1777463549662511295,1777463549666882239,4370944
687,1777463549677115759,1777463549737459654,60343895
688,1777463549747765971,1777463549757869909,10103938
689,1777463549768110403,1777463549791698389,23587986
690,1777463549801888968,1777463549807925254,6036286
691,1777463549818255897,1777463549837042511,18786614
692,1777463549847208554,1777463549856489134,9280580
693,1777463549866703174,1777463549870889024,4185850
694,1777463549881168515,1777463549888307265,7138750
695,1777463549898464351,1777463549911032433,12568082
696,1777463549921250256,1777463549926418253,5167997
697,1777463549936627944,1777463549941614954,4987010
698,1777463549951944242,1777463549958755819,6811577
699,1777463549969008384,1777463549972130483,3122099
700,1777463549982373943,1777463549991057029,8683086
701,1777463550001300759,1777463550004610498,3309739
702,1777463550014848956,1777463550028046146,13197190
703,1777463550038219299,1777463550061270554,23051255
704,1777463550071489096,1777463550080497092,9007996
705,1777463550090708725,1777463550096258347,5549622
706,1777463550106476941,1777463550115009564,8532623
707,1777463550125140545,1777463550144410209,19269664
708,1777463550154675166,1777463550158253108,3577942
709,1777463550168542588,1777463550175202695,6660107
710,1777463550185431537,1777463550190129167,4697630
711,1777463550200260256,1777463550218296572,18036316
712,1777463550228538210,1777463550234122871,5584661
713,1777463550244364469,1777463550248310009,3945540
714,1777463550258528163,1777463550299810730,41282567
715,1777463550309961165,1777463550349792793,39831628
716,1777463550359937534,1777463550363229595,3292061
717,1777463550373350799,1777463550382541247,9190448
718,1777463550392705872,1777463550400144127,7438255
719,1777463550410442541,1777463550413119568,2677027
720,1777463550423309650,1777463550451739057,28429407
721,1777463550461886652,1777463550470737625,8850973
722,1777463550480963849,1777463550535788674,54824825
723,1777463550546042366,1777463550689121212,143078846
724,1777463550699260624,1777463550706501539,7240915
725,1777463550716769452,1777463550721012560,4243108
726,1777463550731177676,1777463550770368444,39190768
727,1777463550780595039,1777463550791417959,10822920
728,1777463550801599775,1777463550819992121,18392346
729,1777463550830283798,1777463550844289930,14006132
730,1777463550854443222,1777463550880346507,25903285
731,1777463550890541158,1777463550895201676,4660518
732,1777463550905350349,1777463550909111039,3760690
733,1777463550919279723,1777463550964711631,45431908
734,1777463550974921781,1777463550978811434,3889653
735,1777463550988967618,1777463550994762315,5794697
736,1777463551004907453,1777463551015029318,10121865
737,1777463551025222350,1777463551034790777,9568427
738,1777463551045053389,1777463551051518125,6464736
739,1777463551061754791,1777463551290903238,229148447
740,1777463551301094401,1777463551311582156,10487755
741,1777463551321776102,1777463551334469681,12693579
742,1777463551344694206,1777463551372471825,27777619
743,1777463551382731194,1777463551385924007,3192813
744,1777463551396139640,1777463551405513193,9373553
745,1777463551415796817,1777463551420450474,4653657
746,1777463551430689364,1777463551458087906,27398542
747,1777463551468222815,1777463551477434753,9211938
748,1777463551487645120,1777463551490354239,2709119
749,1777463551500566741,1777463551507295685,6728944
750,1777463551517576569,1777463551546338995,28762426
751,1777463551556559233,1777463551564229281,7670048
752,1777463551574469151,1777463551583052871,8583720
753,1777463551593190537,1777463551619813722,26623185
754,1777463551630084999,1777463551666232450,36147451
755,1777463551676361168,1777463551699372156,23010988
756,1777463551709515094,1777463551715839262,6324168
757,1777463551726005572,1777463551731660531,5654959
758,1777463551741881270,1777463551755118592,13237322
759,1777463551765371804,1777463551787868501,22496697
760,1777463551798098848,1777463551812369713,14270865
761,1777463551822498533,1777463551856172168,33673635
762,1777463551866397804,1777463551870676693,4278889
763,1777463551880923630,1777463551900582257,19658627
764,1777463551910835006,1777463551919113767,8278761
765,1777463551929355515,1777463551960102610,30747095
766,1777463551970260586,1777463551974233294,3972708
767,1777463551984447788,1777463551989020620,4572832
768,1777463551999253892,1777463552002992903,3739011
769,1777463552013244310,1777463552022113048,8868738
770,1777463552032243722,1777463552035532530,3288808
771,1777463552045770163,1777463552052585095,6814932
772,1777463552062726408,1777463552078513287,15786879
773,1777463552088657880,1777463552097953973,9296093
774,1777463552108170599,1777463552120653057,12482458
775,1777463552130906754,1777463552135888940,4982186
776,1777463552146131111,1777463552175943645,29812534
777,1777463552186099052,1777463552193926677,7827625
778,1777463552204139592,1777463552211457395,7317803
779,1777463552221650514,1777463552224913485,3262971
780,1777463552235158164,1777463552243618875,8460711
781,1777463552253817945,1777463552296299187,42481242
782,1777463552306445576,1777463552309227739,2782163
783,1777463552319374713,1777463552325451424,6076711
784,1777463552335668885,1777463552340576633,4907748
785,1777463552350842183,1777463552358511101,7668918
786,1777463552368736208,1777463552384458014,15721806
787,1777463552394591787,1777463552399378714,4786927
788,1777463552409530946,1777463552419246185,9715239
789,1777463552441420199,1777463552448335624,6915425
790,1777463552458464959,1777463552467913466,9448507
791,1777463552478151865,1777463552486237791,8085926
792,1777463552496342997,1777463552537289906,40946909
793,1777463552547515729,1777463552563528086,16012357
794,1777463552573725809,1777463552588927049,15201240
795,1777463552599050798,1777463552604373432,5322634
796,1777463552614543106,1777463552636112306,21569200
797,1777463552646272763,1777463552654842424,8569661
798,1777463552665097662,1777463552686904898,21807236
799,1777463552697140441,1777463552811838343,114697902
800,1777463552822098552,1777463552842001684,19903132
801,1777463552852242034,1777463552857626545,5384511
802,1777463552867797807,1777463552927922538,60124731
803,1777463552938175624,1777463552954981154,16805530
804,1777463552965121697,1777463552982251420,17129723
805,1777463552992382185,1777463552995219778,2837593
806,1777463553005347694,1777463553016550122,11202428
807,1777463553026714770,1777463553040804328,14089558
808,1777463553051222684,1777463553062764212,11541528
809,1777463553072969316,1777463553116267641,43298325
810,1777463553126474004,1777463553132712011,6238007
811,1777463553142885354,1777463553152462085,9576731
812,1777463553162601993,1777463553170403163,7801170
813,1777463553180597386,1777463553187010140,6412754
814,1777463553197163777,1777463553201855858,4692081
815,1777463553211996274,1777463553254945854,42949580
816,1777463553265101023,1777463553288669184,23568161
817,1777463553298938866,1777463553304028761,5089895
818,1777463553314322685,1777463553349028239,34705554
819,1777463553359254849,1777463553365524758,6269909
820,1777463553375705643,1777463553420081966,44376323
821,1777463553430202910,1777463553434050666,3847756
822,1777463553444186139,1777463553452711648,8525509
823,1777463553462828933,1777463553472403128,9574195
824,1777463553482685202,1777463553486499965,3814763
825,1777463553496653077,1777463553532640032,35986955
826,1777463553542861840,1777463553555320647,12458807
827,1777463553565557879,1777463553576580304,11022425
828,1777463553586809179,1777463553594093454,7284275
829,1777463553604227811,1777463553622966501,18738690
830,1777463553633206027,1777463553636216291,3010264
831,1777463553646344911,1777463553657815350,11470439
832,1777463553668046491,1777463553676063311,8016820
833,1777463553686235035,1777463553690431545,4196510
834,1777463553700586909,1777463553714031383,13444474
835,1777463553724219962,1777463553861104617,136884655
836,1777463553871247428,1777463553877012872,5765444
837,1777463553887154500,1777463554003364019,116209519
838,1777463554013590990,1777463554020055324,6464334
839,1777463554030293567,1777463554037646496,7352929
840,1777463554047872792,1777463554077815113,29942321
841,1777463554087960640,1777463554096616413,8655773
842,1777463554106859329,1777463554157107392,50248063
843,1777463554167291421,1777463554171671785,4380364
844,1777463554181819440,1777463554184506267,2686827
845,1777463554194751124,1777463554255576193,60825069
846,1777463554265732905,1777463554272171254,6438349
847,1777463554282444652,1777463554291126272,8681620
848,1777463554301257006,1777463554305238961,3981955
849,1777463554315444845,1777463554344236886,28792041
850,1777463554354381389,1777463554374554641,20173252
851,1777463554384676414,1777463554467302202,82625788
852,1777463554477469384,1777463554485227605,7758221
853,1777463554495349959,1777463554682884020,187534061
854,1777463554693046015,1777463554700971608,7925593
855,1777463554711095606,1777463554714819532,3723926
856,1777463554724947335,1777463554760243089,35295754
857,1777463554770403099,1777463554783373367,12970268
858,1777463554793510349,1777463554859408146,65897797
859,1777463554869564203,1777463554971412359,101848156
860,1777463554981553270,1777463554992206294,10653024
861,1777463555002414869,1777463555010267738,7852869
862,1777463555020411704,1777463555025260295,4848591
863,1777463555035379419,1777463555043840579,8461160
864,1777463555054084811,1777463555094687939,40603128
865,1777463555104845588,1777463555131740999,26895411
866,1777463555141967668,1777463555146814169,4846501
867,1777463555156993810,1777463555191195721,34201911
868,1777463555201420441,1777463555204101626,2681185
869,1777463555214320269,1777463555234519428,20199159
870,1777463555244755663,1777463555250499761,5744098
871,1777463555260615127,1777463555304206700,43591573
872,1777463555314357526,1777463555407846510,93488984
873,1777463555418111348,1777463555422942502,4831154
874,1777463555433149209,1777463555436706253,3557044
875,1777463555446978150,1777463555452994415,6016265
876,1777463555463195026,1777463555482655726,19460700
877,1777463555492789034,1777463555501977852,9188818
878,1777463555512332010,1777463555525488726,13156716
879,1777463555535640756,1777463555541534801,5894045
880,1777463555551689626,1777463555558404045,6714419
881,1777463555568542428,1777463555616241657,47699229
882,1777463555626375499,1777463555672877685,46502186
883,1777463555683106225,1777463555702867224,19760999
884,1777463555713011866,1777463555715766014,2754148
885,1777463555726026637,1777463555737423944,11397307
886,1777463555747543287,1777463555761838614,14295327
887,1777463555772050534,1777463555826149498,54098964
888,1777463555836285592,1777463555840025939,3740347
889,1777463555850157591,1777463555861007915,10850324
890,1777463555871187932,1777463555879967404,8779472
891,1777463555890092748,1777463555897228150,7135402
892,1777463555907429539,1777463555910559126,3129587
893,1777463555920684057,1777463555935464815,14780758
894,1777463555945733557,1777463555953258569,7525012
895,1777463555963433113,1777463555967145333,3712220
896,1777463555977388862,1777463555985691927,8303065
897,1777463555995867112,1777463556010608843,14741731
898,1777463556020772689,1777463556026764896,5992207
899,1777463556036912464,1777463556094977180,58064716
900,1777463556105117141,1777463556114188073,9070932
901,1777463556124300810,1777463556129193807,4892997
902,1777463556139313666,1777463556169832939,30519273
903,1777463556179987770,1777463556194138612,14150842
904,1777463556204249330,1777463556221891452,17642122
905,1777463556232206105,1777463556238730928,6524823
906,1777463556248871927,1777463556255284641,6412714
907,1777463556265424217,1777463556274344737,8920520
908,1777463556284464056,1777463556289539201,5075145
909,1777463556299698268,1777463556303141013,3442745
910,1777463556313372658,1777463556319973814,6601156
911,1777463556330233865,1777463556339365465,9131600
912,1777463556349523093,1777463556358391783,8868690
913,1777463556368621717,1777463556375423934,6802217
914,1777463556385652515,1777463556398953254,13300739
915,1777463556409164316,1777463556423304854,14140538
916,1777463556433569443,1777463556445671764,12102321
917,1777463556455815165,1777463556474298583,18483418
918,1777463556484424141,1777463556493658506,9234365
919,1777463556503794432,1777463556507548776,3754344
920,1777463556517692896,1777463556522654336,4961440
921,1777463556532811188,1777463556539730555,6919367
922,1777463556549891483,1777463556556736438,6844955
923,1777463556567018537,1777463556597043060,30024523
924,1777463556607172089,1777463556626347699,19175610
925,1777463556636470220,1777463556641356304,4886084
926,1777463556651597876,1777463556737944035,86346159
927,1777463556748270491,1777463556754181289,5910798
928,1777463556764317284,1777463556812226839,47909555
929,1777463556822364140,1777463556830917958,8553818
930,1777463556841045299,1777463556847369700,6324401
931,1777463556857537866,1777463556874492715,16954849
932,1777463556884794991,1777463556911766490,26971499
933,1777463556921935132,1777463556936260367,14325235
934,1777463556946474006,1777463556949485774,3011768
935,1777463556959680560,1777463556972770611,13090051
936,1777463556982984838,1777463556989707859,6723021
937,1777463556999966805,1777463557004518359,4551554
938,1777463557014730088,1777463557027461541,12731453
939,1777463557037699486,1777463557045516325,7816839
940,1777463557055651202,1777463557060187033,4535831
941,1777463557070429899,1777463557078864587,8434688
942,1777463557089011699,1777463557091438646,2426947
943,1777463557101574757,1777463557145460789,43886032
944,1777463557155622786,1777463557170685620,15062834
945,1777463557180908282,1777463557193202654,12294372
946,1777463557203447101,1777463557240701408,37254307
947,1777463557250924117,1777463557260461781,9537664
948,1777463557270697784,1777463557295643268,24945484
949,1777463557305793013,1777463557323836636,18043623
950,1777463557334106474,1777463557341830686,7724212
951,1777463557352043480,1777463557357781814,5738334
952,1777463557368095887,1777463557426447142,58351255
953,1777463557436577020,1777463557444902114,8325094
954,1777463557468847628,1777463557476511686,7664058
955,1777463557486651009,1777463557499264511,12613502
956,1777463557509437251,1777463557529740557,20303306
957,1777463557539898142,1777463557547330683,7432541
958,1777463557557533574,1777463557562212548,4678974
959,1777463557572449826,1777463557581505040,9055214
960,1777463557591632087,1777463557603534187,11902100
961,1777463557613771505,1777463557619702238,5930733
962,1777463557629919649,1777463557633231923,3312274
963,1777463557643358609,1777463557650784009,7425400
964,1777463557661010884,1777463557672414026,11403142
965,1777463557682642749,1777463557706727378,24084629
966,1777463557716879075,1777463557729503132,12624057
967,1777463557739720707,1777463557760264633,20543926
968,1777463557770384393,1777463557791498741,21114348
969,1777463557801620161,1777463557807917817,6297656
970,1777463557818028074,1777463557823246414,5218340
971,1777463557833483813,1777463557853124775,19640962
972,1777463557863254361,1777463557870609156,7354795
973,1777463557880821631,1777463557894407304,13585673
974,1777463557904543497,1777463557910943275,6399778
975,1777463557921090419,1777463557926917158,5826739
976,1777463557937127214,1777463557948363554,11236340
977,1777463557958486404,1777463557967864098,9377694
978,1777463557978002714,1777463557982694042,4691328
979,1777463557992828004,1777463557999759026,6931022
980,1777463558009905928,1777463558014939907,5033979
981,1777463558025095175,1777463558036876365,11781190
982,1777463558047047637,1777463558068237979,21190342
983,1777463558078345071,1777463558089271696,10926625
984,1777463558099535421,1777463558117180711,17645290
985,1777463558127436791,1777463558143815900,16379109
986,1777463558153981902,1777463558168341560,14359658
987,1777463558178459409,1777463558191951684,13492275
988,1777463558202185481,1777463558216128303,13942822
989,1777463558226269020,1777463558234510859,8241839
990,1777463558244746802,1777463558279644889,34898087
991,1777463558289761192,1777463558301788599,12027407
992,1777463558311931073,1777463558320167651,8236578
993,1777463558330343264,1777463558344358488,14015224
994,1777463558354508073,1777463558370119104,15611031
995,1777463558380255352,1777463558387580784,7325432
996,1777463558397709660,1777463558400621758,2912098
997,1777463558410784854,1777463558480104326,69319472
998,1777463558490234974,1777463558540086886,49851912
999,1777463558550259077,1777463558554494415,4235338
